<ImportExportXml xmlns:xsi="http://www.w3.org/2001/XMLSchema-instance">
  <Entities></Entities>
  <Roles></Roles>
  <Workflows></Workflows>
  <FieldSecurityProfiles></FieldSecurityProfiles>
  <Templates />
  <EntityMaps />
  <EntityRelationships />
  <OrganizationSettings />
  <optionsets />
  <CustomControls>
    <CustomControl>
      <Name>pp_PensPlace.ColorPicker</Name>
      <FileName>/Controls/pp_PensPlace.ColorPicker/ControlManifest.xml</FileName>
    </CustomControl>
  </CustomControls>
  <EntityDataProviders />
  <CanvasApps>
    <CanvasApp>
      <Name>pp_quickchartcomponents_f5218</Name>
      <AppVersion>2023-05-30T23:09:31Z</AppVersion>
      <Status>Ready</Status>
      <CreatedByClientVersion>3.23052.29.0</CreatedByClientVersion>
      <MinClientVersion>3.23052.29.0</MinClientVersion>
      <Tags>{"primaryDeviceWidth":"1366","primaryDeviceHeight":"768","supportsPortrait":"true","supportsLandscape":"true","primaryFormFactor":"Tablet","publisherVersion":"3.23052.29","minimumRequiredApiVersion":"2.2.0","hasComponent":"true","hasUnlockedComponent":"false","isUnifiedRootApp":"false","sienaVersion":"20230530T224713Z-3.23052.29.0"}</Tags>
      <IsCdsUpgraded>0</IsCdsUpgraded>
      <GalleryItemId xsi:nil="true"></GalleryItemId>
      <BackgroundColor>rgba(25, 10, 79, 1)</BackgroundColor>
      <DisplayName>QuickChart Components</DisplayName>
      <Description xsi:nil="true"></Description>
      <CommitMessage xsi:nil="true"></CommitMessage>
      <Publisher xsi:nil="true"></Publisher>
      <AuthorizationReferences>[]</AuthorizationReferences>
      <ConnectionReferences>{}</ConnectionReferences>
      <DatabaseReferences>{"default.cds":{"databaseDetails":{"referenceType":"Environmental","environmentName":"default.cds","overrideValues":{"status":"NotSpecified"}},"dataSources":{},"components":[{"componentName":"CustomControl","identifier":"pp_PensPlace.ColorPicker","identifierType":"LogicalName","capabilities":{"pcfExternalServiceUsageAllowed":false}},{"componentName":"CustomControl","identifier":"pp_PensPlace.ColorPicker","identifierType":"LogicalName","capabilities":{"pcfExternalServiceUsageAllowed":false}}]}}</DatabaseReferences>
      <AppComponents>[]</AppComponents>
      <AppComponentDependencies>[{"appComponentName":"32329eb3dcb9469ba71c70b59177fbea","appName":"b9870947-79a0-46e5-9788-996bbb7cb490","appComponentLibraryName":"e15b670d-a543-4871-aa8a-f444f1d4e721","appComponentLibraryVersion":"2023-05-30T22:42:56Z","appComponentLibraryLogicalName":"cr338_quickchartlibrary_43296","environmentName":"1eaf6f4b-1d41-e6bf-988d-db1178f883a1"},{"appComponentName":"644f37afc9df40ac92624c97fa956a48","appName":"b9870947-79a0-46e5-9788-996bbb7cb490","appComponentLibraryName":"e15b670d-a543-4871-aa8a-f444f1d4e721","appComponentLibraryVersion":"2023-05-30T22:42:56Z","appComponentLibraryLogicalName":"cr338_quickchartlibrary_43296","environmentName":"1eaf6f4b-1d41-e6bf-988d-db1178f883a1"},{"appComponentName":"21d712c64c634118bd17e71993a9f2c9","appName":"b9870947-79a0-46e5-9788-996bbb7cb490","appComponentLibraryName":"e15b670d-a543-4871-aa8a-f444f1d4e721","appComponentLibraryVersion":"2023-05-30T22:42:56Z","appComponentLibraryLogicalName":"cr338_quickchartlibrary_43296","environmentName":"1eaf6f4b-1d41-e6bf-988d-db1178f883a1"},{"appComponentName":"63f0eee340154e3181ee6b9b2eeec0c7","appName":"b9870947-79a0-46e5-9788-996bbb7cb490","appComponentLibraryName":"e15b670d-a543-4871-aa8a-f444f1d4e721","appComponentLibraryVersion":"2023-05-30T22:42:56Z","appComponentLibraryLogicalName":"cr338_quickchartlibrary_43296","environmentName":"1eaf6f4b-1d41-e6bf-988d-db1178f883a1"},{"appComponentName":"77c9eb6ebde94472b2c8a03d92aebbfe","appName":"b9870947-79a0-46e5-9788-996bbb7cb490","appComponentLibraryName":"e15b670d-a543-4871-aa8a-f444f1d4e721","appComponentLibraryVersion":"2023-05-30T22:42:56Z","appComponentLibraryLogicalName":"cr338_quickchartlibrary_43296","environmentName":"1eaf6f4b-1d41-e6bf-988d-db1178f883a1"},{"appComponentName":"afa217540532401eba56f754a73c159a","appName":"b9870947-79a0-46e5-9788-996bbb7cb490","appComponentLibraryName":"e15b670d-a543-4871-aa8a-f444f1d4e721","appComponentLibraryVersion":"2023-05-30T22:42:56Z","appComponentLibraryLogicalName":"cr338_quickchartlibrary_43296","environmentName":"1eaf6f4b-1d41-e6bf-988d-db1178f883a1"},{"appComponentName":"f57a2481670b44508338076c260981b5","appName":"b9870947-79a0-46e5-9788-996bbb7cb490","appComponentLibraryName":"e15b670d-a543-4871-aa8a-f444f1d4e721","appComponentLibraryVersion":"2023-05-30T22:42:56Z","appComponentLibraryLogicalName":"cr338_quickchartlibrary_43296","environmentName":"1eaf6f4b-1d41-e6bf-988d-db1178f883a1"},{"appComponentName":"4216e052ddb24a8f9b82e0651847542c","appName":"b9870947-79a0-46e5-9788-996bbb7cb490","appComponentLibraryName":"e15b670d-a543-4871-aa8a-f444f1d4e721","appComponentLibraryVersion":"2023-05-30T22:42:56Z","appComponentLibraryLogicalName":"cr338_quickchartlibrary_43296","environmentName":"1eaf6f4b-1d41-e6bf-988d-db1178f883a1"},{"appComponentName":"5f5afac0049f407b99e534d1a4a9507b","appName":"b9870947-79a0-46e5-9788-996bbb7cb490","appComponentLibraryName":"e15b670d-a543-4871-aa8a-f444f1d4e721","appComponentLibraryVersion":"2023-05-30T22:42:56Z","appComponentLibraryLogicalName":"cr338_quickchartlibrary_43296","environmentName":"1eaf6f4b-1d41-e6bf-988d-db1178f883a1"},{"appComponentName":"644ddc9b1bd84a5187d894bc75567320","appName":"b9870947-79a0-46e5-9788-996bbb7cb490","appComponentLibraryName":"e15b670d-a543-4871-aa8a-f444f1d4e721","appComponentLibraryVersion":"2023-05-30T22:42:56Z","appComponentLibraryLogicalName":"cr338_quickchartlibrary_43296","environmentName":"1eaf6f4b-1d41-e6bf-988d-db1178f883a1"},{"appComponentName":"8e9d28f1eac64b3f87eb25feeb9dff81","appName":"b9870947-79a0-46e5-9788-996bbb7cb490","appComponentLibraryName":"e15b670d-a543-4871-aa8a-f444f1d4e721","appComponentLibraryVersion":"2023-05-30T22:42:56Z","appComponentLibraryLogicalName":"cr338_quickchartlibrary_43296","environmentName":"1eaf6f4b-1d41-e6bf-988d-db1178f883a1"},{"appComponentName":"f707d351c5544805a0647dc402be0eb5","appName":"b9870947-79a0-46e5-9788-996bbb7cb490","appComponentLibraryName":"e15b670d-a543-4871-aa8a-f444f1d4e721","appComponentLibraryVersion":"2023-05-30T22:42:56Z","appComponentLibraryLogicalName":"cr338_quickchartlibrary_43296","environmentName":"1eaf6f4b-1d41-e6bf-988d-db1178f883a1"}]</AppComponentDependencies>
      <CanConsumeAppPass>1</CanConsumeAppPass>
      <CanvasAppType>0</CanvasAppType>
      <BypassConsent>0</BypassConsent>
      <AdminControlBypassConsent>0</AdminControlBypassConsent>
      <EmbeddedApp xsi:nil="true"></EmbeddedApp>
      <IntroducedVersion>1.0</IntroducedVersion>
      <CdsDependencies>{"cdsdependencies":[{"dependencyid":"","logicalname":"pp_PensPlace.ColorPicker","componenttype":66,"componenttypeplatformname":"CustomControl"},{"dependencyid":"","logicalname":"pp_PensPlace.ColorPicker","componenttype":66,"componenttypeplatformname":"CustomControl"},{"logicalname":"cr338_quickchartlibrary_43296","componenttype":300,"componenttypeplatformname":"CanvasApp"}]}</CdsDependencies>
      <IsCustomizable>1</IsCustomizable>
      <BackgroundImageUri>/CanvasApps/pp_quickchartcomponents_f5218_BackgroundImageUri</BackgroundImageUri>
      <DocumentUri>/CanvasApps/pp_quickchartcomponents_f5218_DocumentUri.msapp</DocumentUri>
    </CanvasApp>
    <CanvasApp>
      <Name>cr338_quickchartlibrary_43296</Name>
      <AppVersion>2023-05-30T22:42:56Z</AppVersion>
      <Status>Ready</Status>
      <CreatedByClientVersion>3.23052.29.0</CreatedByClientVersion>
      <MinClientVersion>3.23052.29.0</MinClientVersion>
      <Tags>{"primaryDeviceWidth":"640","primaryDeviceHeight":"600","supportsPortrait":"true","supportsLandscape":"true","primaryFormFactor":"Phone","publisherVersion":"3.23052.29","minimumRequiredApiVersion":"2.2.0","hasComponent":"true","hasUnlockedComponent":"true","isUnifiedRootApp":"false","sienaVersion":"20230530T195041Z-3.23052.29.0"}</Tags>
      <IsCdsUpgraded>0</IsCdsUpgraded>
      <GalleryItemId xsi:nil="true"></GalleryItemId>
      <BackgroundColor>rgba(25, 10, 79, 1)</BackgroundColor>
      <DisplayName>QuickChart Library</DisplayName>
      <Description xsi:nil="true"></Description>
      <CommitMessage xsi:nil="true"></CommitMessage>
      <Publisher xsi:nil="true"></Publisher>
      <AuthorizationReferences>[]</AuthorizationReferences>
      <ConnectionReferences>{}</ConnectionReferences>
      <DatabaseReferences>{}</DatabaseReferences>
      <AppComponents>[{"appComponentName":"32329eb3dcb9469ba71c70b59177fbea","displayName":"BarChart","appName":"e15b670d-a543-4871-aa8a-f444f1d4e721","appVersion":"2023-05-30T22:42:56Z","appComponentLibraryLogicalName":"cr338_quickchartlibrary_43296","appDisplayName":"QuickChart Library","environmentName":"1eaf6f4b-1d41-e6bf-988d-db1178f883a1","owner":{"id":"2dcb8bc6-bb2f-4d60-8b1d-a28c04935101","displayName":"Pen Warner","email":"pen.warner@powrsolutions.co.uk","type":"User","tenantId":"446234c1-8b60-4233-a18d-5e4aeb45df5c","userPrincipalName":"pen.warner@powrsolutions.co.uk"},"allowCustomization":true,"createdOn":"2023-05-28T23:55:41.608Z","lastModifiedOn":"2023-05-30T22:42:20.869Z","connectionReferences":{},"databaseReferences":{}},{"appComponentName":"644f37afc9df40ac92624c97fa956a48","displayName":"LineChart","appName":"e15b670d-a543-4871-aa8a-f444f1d4e721","appVersion":"2023-05-30T22:42:56Z","appComponentLibraryLogicalName":"cr338_quickchartlibrary_43296","appDisplayName":"QuickChart Library","environmentName":"1eaf6f4b-1d41-e6bf-988d-db1178f883a1","owner":{"id":"2dcb8bc6-bb2f-4d60-8b1d-a28c04935101","displayName":"Pen Warner","email":"pen.warner@powrsolutions.co.uk","type":"User","tenantId":"446234c1-8b60-4233-a18d-5e4aeb45df5c","userPrincipalName":"pen.warner@powrsolutions.co.uk"},"allowCustomization":true,"createdOn":"2023-05-28T23:55:41.608Z","lastModifiedOn":"2023-05-30T22:42:20.869Z","connectionReferences":{},"databaseReferences":{}},{"appComponentName":"77c9eb6ebde94472b2c8a03d92aebbfe","displayName":"RadarChart","appName":"e15b670d-a543-4871-aa8a-f444f1d4e721","appVersion":"2023-05-30T22:42:56Z","appComponentLibraryLogicalName":"cr338_quickchartlibrary_43296","appDisplayName":"QuickChart Library","environmentName":"1eaf6f4b-1d41-e6bf-988d-db1178f883a1","owner":{"id":"2dcb8bc6-bb2f-4d60-8b1d-a28c04935101","displayName":"Pen Warner","email":"pen.warner@powrsolutions.co.uk","type":"User","tenantId":"446234c1-8b60-4233-a18d-5e4aeb45df5c","userPrincipalName":"pen.warner@powrsolutions.co.uk"},"allowCustomization":true,"createdOn":"2023-05-28T23:55:41.608Z","lastModifiedOn":"2023-05-30T22:42:20.869Z","connectionReferences":{},"databaseReferences":{}},{"appComponentName":"70200e8388bc4c41a8860f277f9749df","displayName":"QRCode","appName":"e15b670d-a543-4871-aa8a-f444f1d4e721","appVersion":"2023-05-30T22:42:56Z","appComponentLibraryLogicalName":"cr338_quickchartlibrary_43296","appDisplayName":"QuickChart Library","environmentName":"1eaf6f4b-1d41-e6bf-988d-db1178f883a1","owner":{"id":"2dcb8bc6-bb2f-4d60-8b1d-a28c04935101","displayName":"Pen Warner","email":"pen.warner@powrsolutions.co.uk","type":"User","tenantId":"446234c1-8b60-4233-a18d-5e4aeb45df5c","userPrincipalName":"pen.warner@powrsolutions.co.uk"},"allowCustomization":true,"createdOn":"2023-05-28T23:55:41.608Z","lastModifiedOn":"2023-05-30T22:42:20.869Z","connectionReferences":{},"databaseReferences":{}},{"appComponentName":"63f0eee340154e3181ee6b9b2eeec0c7","displayName":"Speedometer","appName":"e15b670d-a543-4871-aa8a-f444f1d4e721","appVersion":"2023-05-30T22:42:56Z","appComponentLibraryLogicalName":"cr338_quickchartlibrary_43296","appDisplayName":"QuickChart Library","environmentName":"1eaf6f4b-1d41-e6bf-988d-db1178f883a1","owner":{"id":"2dcb8bc6-bb2f-4d60-8b1d-a28c04935101","displayName":"Pen Warner","email":"pen.warner@powrsolutions.co.uk","type":"User","tenantId":"446234c1-8b60-4233-a18d-5e4aeb45df5c","userPrincipalName":"pen.warner@powrsolutions.co.uk"},"allowCustomization":true,"createdOn":"2023-05-28T23:55:41.608Z","lastModifiedOn":"2023-05-30T22:42:20.869Z","connectionReferences":{},"databaseReferences":{}},{"appComponentName":"21d712c64c634118bd17e71993a9f2c9","displayName":"WordCloud","appName":"e15b670d-a543-4871-aa8a-f444f1d4e721","appVersion":"2023-05-30T22:42:56Z","appComponentLibraryLogicalName":"cr338_quickchartlibrary_43296","appDisplayName":"QuickChart Library","environmentName":"1eaf6f4b-1d41-e6bf-988d-db1178f883a1","owner":{"id":"2dcb8bc6-bb2f-4d60-8b1d-a28c04935101","displayName":"Pen Warner","email":"pen.warner@powrsolutions.co.uk","type":"User","tenantId":"446234c1-8b60-4233-a18d-5e4aeb45df5c","userPrincipalName":"pen.warner@powrsolutions.co.uk"},"allowCustomization":true,"createdOn":"2023-05-28T23:55:41.608Z","lastModifiedOn":"2023-05-30T22:42:20.869Z","connectionReferences":{},"databaseReferences":{}},{"appComponentName":"afa217540532401eba56f754a73c159a","displayName":"Sparkline","appName":"e15b670d-a543-4871-aa8a-f444f1d4e721","appVersion":"2023-05-30T22:42:56Z","appComponentLibraryLogicalName":"cr338_quickchartlibrary_43296","appDisplayName":"QuickChart Library","environmentName":"1eaf6f4b-1d41-e6bf-988d-db1178f883a1","owner":{"id":"2dcb8bc6-bb2f-4d60-8b1d-a28c04935101","displayName":"Pen Warner","email":"pen.warner@powrsolutions.co.uk","type":"User","tenantId":"446234c1-8b60-4233-a18d-5e4aeb45df5c","userPrincipalName":"pen.warner@powrsolutions.co.uk"},"allowCustomization":true,"createdOn":"2023-05-28T23:55:41.608Z","lastModifiedOn":"2023-05-30T22:42:20.869Z","connectionReferences":{},"databaseReferences":{}},{"appComponentName":"f57a2481670b44508338076c260981b5","displayName":"RadialGauge","appName":"e15b670d-a543-4871-aa8a-f444f1d4e721","appVersion":"2023-05-30T22:42:56Z","appComponentLibraryLogicalName":"cr338_quickchartlibrary_43296","appDisplayName":"QuickChart Library","environmentName":"1eaf6f4b-1d41-e6bf-988d-db1178f883a1","owner":{"id":"2dcb8bc6-bb2f-4d60-8b1d-a28c04935101","displayName":"Pen Warner","email":"pen.warner@powrsolutions.co.uk","type":"User","tenantId":"446234c1-8b60-4233-a18d-5e4aeb45df5c","userPrincipalName":"pen.warner@powrsolutions.co.uk"},"allowCustomization":true,"createdOn":"2023-05-28T23:55:41.608Z","lastModifiedOn":"2023-05-30T22:42:20.869Z","connectionReferences":{},"databaseReferences":{}},{"appComponentName":"4216e052ddb24a8f9b82e0651847542c","displayName":"PieChart","appName":"e15b670d-a543-4871-aa8a-f444f1d4e721","appVersion":"2023-05-30T22:42:56Z","appComponentLibraryLogicalName":"cr338_quickchartlibrary_43296","appDisplayName":"QuickChart Library","environmentName":"1eaf6f4b-1d41-e6bf-988d-db1178f883a1","owner":{"id":"2dcb8bc6-bb2f-4d60-8b1d-a28c04935101","displayName":"Pen Warner","email":"pen.warner@powrsolutions.co.uk","type":"User","tenantId":"446234c1-8b60-4233-a18d-5e4aeb45df5c","userPrincipalName":"pen.warner@powrsolutions.co.uk"},"allowCustomization":true,"createdOn":"2023-05-28T23:55:41.608Z","lastModifiedOn":"2023-05-30T22:42:20.869Z","connectionReferences":{},"databaseReferences":{}},{"appComponentName":"644ddc9b1bd84a5187d894bc75567320","displayName":"ScatterChart","appName":"e15b670d-a543-4871-aa8a-f444f1d4e721","appVersion":"2023-05-30T22:42:56Z","appComponentLibraryLogicalName":"cr338_quickchartlibrary_43296","appDisplayName":"QuickChart Library","environmentName":"1eaf6f4b-1d41-e6bf-988d-db1178f883a1","owner":{"id":"2dcb8bc6-bb2f-4d60-8b1d-a28c04935101","displayName":"Pen Warner","email":"pen.warner@powrsolutions.co.uk","type":"User","tenantId":"446234c1-8b60-4233-a18d-5e4aeb45df5c","userPrincipalName":"pen.warner@powrsolutions.co.uk"},"allowCustomization":true,"createdOn":"2023-05-28T23:55:41.608Z","lastModifiedOn":"2023-05-30T22:42:20.869Z","connectionReferences":{},"databaseReferences":{}},{"appComponentName":"8e9d28f1eac64b3f87eb25feeb9dff81","displayName":"PolarChart","appName":"e15b670d-a543-4871-aa8a-f444f1d4e721","appVersion":"2023-05-30T22:42:56Z","appComponentLibraryLogicalName":"cr338_quickchartlibrary_43296","appDisplayName":"QuickChart Library","environmentName":"1eaf6f4b-1d41-e6bf-988d-db1178f883a1","owner":{"id":"2dcb8bc6-bb2f-4d60-8b1d-a28c04935101","displayName":"Pen Warner","email":"pen.warner@powrsolutions.co.uk","type":"User","tenantId":"446234c1-8b60-4233-a18d-5e4aeb45df5c","userPrincipalName":"pen.warner@powrsolutions.co.uk"},"allowCustomization":true,"createdOn":"2023-05-28T23:55:41.608Z","lastModifiedOn":"2023-05-30T22:42:20.869Z","connectionReferences":{},"databaseReferences":{}},{"appComponentName":"5f5afac0049f407b99e534d1a4a9507b","displayName":"BubbleChart","appName":"e15b670d-a543-4871-aa8a-f444f1d4e721","appVersion":"2023-05-30T22:42:56Z","appComponentLibraryLogicalName":"cr338_quickchartlibrary_43296","appDisplayName":"QuickChart Library","environmentName":"1eaf6f4b-1d41-e6bf-988d-db1178f883a1","owner":{"id":"2dcb8bc6-bb2f-4d60-8b1d-a28c04935101","displayName":"Pen Warner","email":"pen.warner@powrsolutions.co.uk","type":"User","tenantId":"446234c1-8b60-4233-a18d-5e4aeb45df5c","userPrincipalName":"pen.warner@powrsolutions.co.uk"},"allowCustomization":true,"createdOn":"2023-05-28T23:55:41.608Z","lastModifiedOn":"2023-05-30T22:42:20.869Z","connectionReferences":{},"databaseReferences":{}},{"appComponentName":"f707d351c5544805a0647dc402be0eb5","displayName":"ProgressBar","appName":"e15b670d-a543-4871-aa8a-f444f1d4e721","appVersion":"2023-05-30T22:42:56Z","appComponentLibraryLogicalName":"cr338_quickchartlibrary_43296","appDisplayName":"QuickChart Library","environmentName":"1eaf6f4b-1d41-e6bf-988d-db1178f883a1","owner":{"id":"2dcb8bc6-bb2f-4d60-8b1d-a28c04935101","displayName":"Pen Warner","email":"pen.warner@powrsolutions.co.uk","type":"User","tenantId":"446234c1-8b60-4233-a18d-5e4aeb45df5c","userPrincipalName":"pen.warner@powrsolutions.co.uk"},"allowCustomization":true,"createdOn":"2023-05-28T23:55:41.608Z","lastModifiedOn":"2023-05-30T22:42:20.869Z","connectionReferences":{},"databaseReferences":{}}]</AppComponents>
      <AppComponentDependencies>[]</AppComponentDependencies>
      <CanConsumeAppPass>1</CanConsumeAppPass>
      <CanvasAppType>1</CanvasAppType>
      <BypassConsent>0</BypassConsent>
      <AdminControlBypassConsent>0</AdminControlBypassConsent>
      <EmbeddedApp xsi:nil="true"></EmbeddedApp>
      <IntroducedVersion>1.0</IntroducedVersion>
      <CdsDependencies>{"cdsdependencies":[]}</CdsDependencies>
      <IsCustomizable>1</IsCustomizable>
      <BackgroundImageUri>/CanvasApps/cr338_quickchartlibrary_43296_BackgroundImageUri</BackgroundImageUri>
      <DocumentUri>/CanvasApps/cr338_quickchartlibrary_43296_DocumentUri.msapp</DocumentUri>
    </CanvasApp>
  </CanvasApps>
  <Languages>
    <Language>1033</Language>
  </Languages>
</ImportExportXml>